model,document_id,time_seconds,python_memory_delta_mb,rouge1_f1,rouge2_f1,rougeL_f1
Lead-3 Baseline,34363226,0.0024391000042669475,0.0012617111206054688,0.15189873417721517,0.0,0.10126582278481013
Lead-3 Baseline,36914724,0.0005672999541275203,0.0005397796630859375,0.02439024390243903,0.0,0.02439024390243903
Lead-3 Baseline,40855910,0.0012531999964267015,0.00046634674072265625,0.11904761904761904,0.0,0.07142857142857144
Lead-3 Baseline,32736400,0.000762699986808002,0.000415802001953125,0.09836065573770492,0.0,0.09836065573770492
Lead-3 Baseline,40648389,0.0002502999850548804,0.0004425048828125,0.2571428571428572,0.029411764705882353,0.14285714285714288
Lead-3 Baseline,39258636,0.0026144000003114343,0.0006017684936523438,0.125,0.0,0.08928571428571429
Lead-3 Baseline,38839837,0.0011468000011518598,0.00046634674072265625,0.17073170731707316,0.0,0.0975609756097561
Lead-3 Baseline,32136921,0.0006540999747812748,0.0004901885986328125,0.1518987341772152,0.0,0.10126582278481013
Lead-3 Baseline,35523296,0.00021460000425577164,0.00043964385986328125,0.18823529411764706,0.0,0.11764705882352942
Lead-3 Baseline,32612168,0.0009790000040084124,0.00040912628173828125,0.19718309859154928,0.0,0.1408450704225352
Lead-3 Baseline,33638005,0.0009377999813295901,0.000457763671875,0.18604651162790697,0.023809523809523808,0.1395348837209302
Lead-3 Baseline,39654348,0.0010779000003822148,0.00048160552978515625,0.30588235294117644,0.024096385542168676,0.1411764705882353
Lead-3 Baseline,39950399,0.0021711000008508563,0.00045299530029296875,0.2352941176470588,0.030303030303030304,0.14705882352941177
Lead-3 Baseline,16222940,0.005439900036435574,0.0005216598510742188,0.2272727272727273,0.09302325581395349,0.1590909090909091
Lead-3 Baseline,38389507,0.0007227999740280211,0.00045013427734375,0.17721518987341772,0.0,0.07594936708860758
Lead-3 Baseline,30346384,0.0013442999916151166,0.00041675567626953125,0.13513513513513514,0.0,0.10810810810810811
Lead-3 Baseline,35436910,0.00034899997990578413,0.0005216598510742188,0.05333333333333334,0.0,0.02666666666666667
Lead-3 Baseline,29021180,0.0002411000314168632,0.0004863739013671875,0.11267605633802816,0.0,0.05633802816901408
Lead-3 Baseline,32713124,0.0018955999985337257,0.0006361007690429688,0.23809523809523808,0.04838709677419355,0.11111111111111109
Lead-3 Baseline,36684452,0.004119899997022003,0.0005083084106445312,0.1951219512195122,0.05,0.12195121951219512
Lead-3 Baseline,34718944,0.0012281000381335616,0.00041103363037109375,0.08955223880597016,0.0,0.08955223880597016
Lead-3 Baseline,29455992,0.0012328000157140195,0.00046634674072265625,0.25316455696202533,0.025974025974025972,0.1518987341772152
Lead-3 Baseline,34152489,0.0009640000062063336,0.00046253204345703125,0.3132530120481928,0.04938271604938271,0.26506024096385544
Lead-3 Baseline,37805331,0.0007089999853633344,0.00043582916259765625,0.325,0.025641025641025637,0.17500000000000002
Lead-3 Baseline,36189022,0.001625100034289062,0.00043582916259765625,0.2142857142857143,0.048780487804878044,0.11904761904761905
Lead-3 Baseline,35761011,0.0010073999874293804,0.00047397613525390625,0.18666666666666668,0.0821917808219178,0.15999999999999998
Lead-3 Baseline,39632041,0.002001299988478422,0.0006465911865234375,0.10714285714285715,0.0,0.10714285714285715
Lead-3 Baseline,29252950,0.0009156999876722693,0.00045871734619140625,0.3516483516483517,0.06741573033707865,0.17582417582417584
Lead-3 Baseline,40615948,0.002378300006967038,0.0008373260498046875,0.22857142857142854,0.0,0.14285714285714285
Lead-3 Baseline,36226983,0.00038410001434385777,0.00045299530029296875,0.10810810810810811,0.0,0.05405405405405406
Proposed (Contextual ranker only),34363226,0.15301230002660304,0.01777935028076172,0.15189873417721517,0.0,0.10126582278481013
Proposed (Contextual ranker only),36914724,0.09249359997920692,0.005106925964355469,0.045454545454545456,0.0,0.045454545454545456
Proposed (Contextual ranker only),40855910,0.17165199998999014,0.0063991546630859375,0.20833333333333331,0.0425531914893617,0.08333333333333333
Proposed (Contextual ranker only),32736400,0.12967469997238368,0.005257606506347656,0.07017543859649122,0.0,0.07017543859649122
Proposed (Contextual ranker only),40648389,0.031155700038652867,0.004462242126464844,0.2571428571428572,0.029411764705882353,0.14285714285714288
Proposed (Contextual ranker only),39258636,0.18468629999551922,0.006508827209472656,0.1016949152542373,0.0,0.0847457627118644
Proposed (Contextual ranker only),38839837,0.10447389999171719,0.005549430847167969,0.25,0.025641025641025644,0.15
Proposed (Contextual ranker only),32136921,0.06595990003552288,0.005341529846191406,0.12658227848101267,0.025974025974025972,0.0759493670886076
Proposed (Contextual ranker only),35523296,0.0002998000127263367,0.00032520294189453125,0.18823529411764706,0.0,0.11764705882352942
Proposed (Contextual ranker only),32612168,0.10971829999471083,0.005961418151855469,0.20224719101123595,0.04597701149425287,0.1348314606741573
Proposed (Contextual ranker only),33638005,0.05902829999104142,0.005580902099609375,0.18604651162790697,0.023809523809523808,0.1395348837209302
Proposed (Contextual ranker only),39654348,0.0906954999663867,0.0059032440185546875,0.2653061224489796,0.0625,0.20408163265306126
Proposed (Contextual ranker only),39950399,0.11458570003742352,0.007464408874511719,0.13675213675213677,0.017391304347826087,0.06837606837606838
Proposed (Contextual ranker only),16222940,0.2056999999913387,0.009893417358398438,0.2588235294117647,0.07228915662650603,0.16470588235294117
Proposed (Contextual ranker only),38389507,0.05021789995953441,0.0054569244384765625,0.075,0.0,0.075
Proposed (Contextual ranker only),30346384,0.1305168999824673,0.007237434387207031,0.14285714285714288,0.020833333333333336,0.10204081632653061
Proposed (Contextual ranker only),35436910,0.03498979995492846,0.00435638427734375,0.05333333333333334,0.0,0.02666666666666667
Proposed (Contextual ranker only),29021180,0.02937150001525879,0.0044097900390625,0.12307692307692307,0.0,0.0923076923076923
Proposed (Contextual ranker only),32713124,0.09572640003170818,0.007084846496582031,0.2158273381294964,0.0291970802919708,0.08633093525179855
Proposed (Contextual ranker only),36684452,0.2113402000395581,0.009520530700683594,0.225,0.10256410256410255,0.2
Proposed (Contextual ranker only),34718944,0.05330650001997128,0.004939079284667969,0.14545454545454548,0.0,0.0909090909090909
Proposed (Contextual ranker only),29455992,0.07697860000189394,0.007079124450683594,0.15384615384615385,0.022471910112359546,0.08791208791208792
Proposed (Contextual ranker only),34152489,0.07226190000073984,0.005639076232910156,0.19780219780219782,0.0,0.13186813186813187
Proposed (Contextual ranker only),37805331,0.057718000025488436,0.00531768798828125,0.21848739495798317,0.05128205128205127,0.13445378151260504
Proposed (Contextual ranker only),36189022,0.09447030001319945,0.007136344909667969,0.2777777777777778,0.07547169811320754,0.1111111111111111
Proposed (Contextual ranker only),35761011,0.06996679998701438,0.005916595458984375,0.1395348837209302,0.015748031496062992,0.06201550387596899
Proposed (Contextual ranker only),39632041,0.11917859996901825,0.0073070526123046875,0.1415929203539823,0.0,0.08849557522123894
Proposed (Contextual ranker only),29252950,0.0735463000019081,0.0061588287353515625,0.3047619047619048,0.058252427184466014,0.13333333333333333
Proposed (Contextual ranker only),40615948,0.07018279994372278,0.00547027587890625,0.22580645161290322,0.0,0.16129032258064516
Proposed (Contextual ranker only),36226983,0.03242689999751747,0.0045070648193359375,0.14285714285714285,0.0,0.1142857142857143
Proposed (Contextual ranker + semantic),34363226,0.08455600001616403,0.023653030395507812,0.1346153846153846,0.0,0.07692307692307693
Proposed (Contextual ranker + semantic),36914724,0.04789490002440289,0.005799293518066406,0.05405405405405405,0.027777777777777776,0.05405405405405405
Proposed (Contextual ranker + semantic),40855910,0.06808659998932853,0.0064983367919921875,0.12121212121212122,0.0,0.0808080808080808
Proposed (Contextual ranker + semantic),32736400,0.05730549996951595,0.006257057189941406,0.125,0.0,0.0625
Proposed (Contextual ranker + semantic),40648389,0.0339675999712199,0.0052165985107421875,0.2571428571428572,0.029411764705882353,0.14285714285714288
Proposed (Contextual ranker + semantic),39258636,0.10482119995867833,0.00738525390625,0.14634146341463417,0.01652892561983471,0.0975609756097561
Proposed (Contextual ranker + semantic),38839837,0.0850124999997206,0.006417274475097656,0.25,0.025641025641025644,0.15
Proposed (Contextual ranker + semantic),32136921,0.0528389000101015,0.006084442138671875,0.11235955056179774,0.0,0.06741573033707865
Proposed (Contextual ranker + semantic),35523296,0.00036969996290281415,0.00032520294189453125,0.18823529411764706,0.0,0.11764705882352942
Proposed (Contextual ranker + semantic),32612168,0.08525549998739734,0.006798744201660156,0.19834710743801653,0.03361344537815126,0.09917355371900827
Proposed (Contextual ranker + semantic),33638005,0.08268339995993301,0.006110191345214844,0.18604651162790697,0.023809523809523808,0.1395348837209302
Proposed (Contextual ranker + semantic),39654348,0.09501269995234907,0.006496429443359375,0.24242424242424243,0.020618556701030927,0.18181818181818182
Proposed (Contextual ranker + semantic),39950399,0.17275179998250678,0.008173942565917969,0.13675213675213677,0.017391304347826087,0.06837606837606838
Proposed (Contextual ranker + semantic),16222940,0.3380013999994844,0.010549545288085938,0.2424242424242424,0.08247422680412371,0.14141414141414144
Proposed (Contextual ranker + semantic),38389507,0.05811539996648207,0.006253242492675781,0.13636363636363638,0.0,0.06818181818181819
Proposed (Contextual ranker + semantic),30346384,0.12499819998629391,0.0078277587890625,0.21428571428571427,0.04878048780487805,0.14285714285714285
Proposed (Contextual ranker + semantic),35436910,0.03804159996798262,0.005206108093261719,0.15555555555555556,0.045454545454545456,0.08888888888888889
Proposed (Contextual ranker + semantic),29021180,0.03166219999548048,0.0051021575927734375,0.12307692307692307,0.0,0.0923076923076923
Proposed (Contextual ranker + semantic),32713124,0.09791710000718012,0.007921218872070312,0.1958041958041958,0.02836879432624113,0.11188811188811189
Proposed (Contextual ranker + semantic),36684452,0.22388629999477416,0.010356903076171875,0.19047619047619047,0.07766990291262135,0.13333333333333333
Proposed (Contextual ranker + semantic),34718944,0.05643270001746714,0.00585174560546875,0.14545454545454548,0.0,0.0909090909090909
Proposed (Contextual ranker + semantic),29455992,0.08657189999939874,0.007602691650390625,0.2588235294117647,0.04819277108433735,0.18823529411764708
Proposed (Contextual ranker + semantic),34152489,0.07806620001792908,0.0065708160400390625,0.1565217391304348,0.017699115044247787,0.10434782608695653
Proposed (Contextual ranker + semantic),37805331,0.055272200028412044,0.006157875061035156,0.208955223880597,0.045454545454545456,0.11940298507462686
Proposed (Contextual ranker + semantic),36189022,0.09751300001516938,0.0075740814208984375,0.3,0.08163265306122448,0.12
Proposed (Contextual ranker + semantic),35761011,0.07602060004137456,0.006077766418457031,0.13333333333333333,0.015037593984962405,0.05925925925925926
Proposed (Contextual ranker + semantic),39632041,0.12948110001161695,0.008118629455566406,0.1415929203539823,0.0,0.08849557522123894
Proposed (Contextual ranker + semantic),29252950,0.06909289996838197,0.006798744201660156,0.3921568627450981,0.1,0.19607843137254904
Proposed (Contextual ranker + semantic),40615948,0.0757488000090234,0.006503105163574219,0.2112676056338028,0.014285714285714287,0.12676056338028172
Proposed (Contextual ranker + semantic),36226983,0.03508689999580383,0.0052967071533203125,0.136986301369863,0.0,0.08219178082191782
Proposed (Contextual ranker + semantic + TF-IDF + position),34363226,0.08865420002257451,0.025577545166015625,0.1346153846153846,0.0,0.07692307692307693
Proposed (Contextual ranker + semantic + TF-IDF + position),36914724,0.052079199987929314,0.0108489990234375,0.05405405405405405,0.027777777777777776,0.05405405405405405
Proposed (Contextual ranker + semantic + TF-IDF + position),40855910,0.07505060004768893,0.015407562255859375,0.15000000000000002,0.03389830508474577,0.08333333333333334
Proposed (Contextual ranker + semantic + TF-IDF + position),32736400,0.06698260002303869,0.0114898681640625,0.125,0.0,0.0625
Proposed (Contextual ranker + semantic + TF-IDF + position),40648389,0.03390529996249825,0.007904052734375,0.2571428571428572,0.029411764705882353,0.14285714285714288
Proposed (Contextual ranker + semantic + TF-IDF + position),39258636,0.11229269998148084,0.01643657684326172,0.14634146341463417,0.01652892561983471,0.0975609756097561
Proposed (Contextual ranker + semantic + TF-IDF + position),38839837,0.08521509997081012,0.014735221862792969,0.20224719101123598,0.0,0.1348314606741573
Proposed (Contextual ranker + semantic + TF-IDF + position),32136921,0.05196419998537749,0.011582374572753906,0.11235955056179774,0.0,0.06741573033707865
Proposed (Contextual ranker + semantic + TF-IDF + position),35523296,0.0003522000042721629,0.00032520294189453125,0.18823529411764706,0.0,0.11764705882352942
Proposed (Contextual ranker + semantic + TF-IDF + position),32612168,0.1101075999904424,0.014998435974121094,0.19834710743801653,0.03361344537815126,0.09917355371900827
Proposed (Contextual ranker + semantic + TF-IDF + position),33638005,0.06540850002784282,0.015349388122558594,0.3392857142857143,0.16363636363636364,0.2857142857142857
Proposed (Contextual ranker + semantic + TF-IDF + position),39654348,0.08917039999505505,0.01535797119140625,0.24242424242424243,0.020618556701030927,0.18181818181818182
Proposed (Contextual ranker + semantic + TF-IDF + position),39950399,0.12199499999405816,0.023733139038085938,0.13675213675213677,0.017391304347826087,0.06837606837606838
Proposed (Contextual ranker + semantic + TF-IDF + position),16222940,0.20558359997812659,0.031693458557128906,0.2424242424242424,0.08247422680412371,0.14141414141414144
Proposed (Contextual ranker + semantic + TF-IDF + position),38389507,0.061011900019366294,0.014513015747070312,0.1346153846153846,0.0,0.07692307692307693
Proposed (Contextual ranker + semantic + TF-IDF + position),30346384,0.13078509998740628,0.017686843872070312,0.21428571428571427,0.04878048780487805,0.14285714285714285
Proposed (Contextual ranker + semantic + TF-IDF + position),35436910,0.04126749996794388,0.009786605834960938,0.15555555555555556,0.045454545454545456,0.08888888888888889
Proposed (Contextual ranker + semantic + TF-IDF + position),29021180,0.03825390001293272,0.008032798767089844,0.12307692307692307,0.0,0.0923076923076923
Proposed (Contextual ranker + semantic + TF-IDF + position),32713124,0.1066498999716714,0.023383140563964844,0.15294117647058825,0.02380952380952381,0.09411764705882353
Proposed (Contextual ranker + semantic + TF-IDF + position),36684452,0.22849670000141487,0.030729293823242188,0.15602836879432624,0.043165467625899276,0.1276595744680851
Proposed (Contextual ranker + semantic + TF-IDF + position),34718944,0.06777349999174476,0.011376380920410156,0.14545454545454548,0.0,0.0909090909090909
Proposed (Contextual ranker + semantic + TF-IDF + position),29455992,0.08402849995763972,0.017675399780273438,0.2588235294117647,0.04819277108433735,0.18823529411764708
Proposed (Contextual ranker + semantic + TF-IDF + position),34152489,0.07254379999358207,0.014647483825683594,0.12903225806451613,0.01639344262295082,0.0967741935483871
Proposed (Contextual ranker + semantic + TF-IDF + position),37805331,0.06632099999114871,0.011209487915039062,0.2043795620437956,0.04444444444444444,0.13138686131386862
Proposed (Contextual ranker + semantic + TF-IDF + position),36189022,0.12296210002386943,0.02216339111328125,0.3,0.08163265306122448,0.12
Proposed (Contextual ranker + semantic + TF-IDF + position),35761011,0.07878050004364923,0.015239715576171875,0.13333333333333333,0.015037593984962405,0.05925925925925926
Proposed (Contextual ranker + semantic + TF-IDF + position),39632041,0.15911300003062934,0.023281097412109375,0.12598425196850394,0.016,0.09448818897637795
Proposed (Contextual ranker + semantic + TF-IDF + position),29252950,0.07952540001133457,0.01526641845703125,0.3921568627450981,0.1,0.19607843137254904
Proposed (Contextual ranker + semantic + TF-IDF + position),40615948,0.09915039996849373,0.013998985290527344,0.2112676056338028,0.014285714285714287,0.12676056338028172
Proposed (Contextual ranker + semantic + TF-IDF + position),36226983,0.04611629998544231,0.008917808532714844,0.136986301369863,0.0,0.08219178082191782
