model,document_length_group,document_count,average_sentence_count,average_inference_time_seconds,average_rouge1_f1,average_rouge2_f1,average_rougeL_f1
TF-IDF Baseline,medium,15,15.666666666666666,0.005365700003070093,0.21929884844052056,0.056378317911903064,0.14171490587813532
TF-IDF Baseline,short,13,6.846153846153846,0.004478846161733692,0.16850506329695222,0.01953107777797087,0.10470955361804804
TF-IDF Baseline,long,2,45.5,0.0067316000349819,0.20608108108108103,0.07515878616796046,0.15056306306306305
MiniLM + MMR Baseline,medium,15,15.666666666666666,0.1668113066698424,0.21413828148762135,0.045469210294034675,0.12739707115979806
MiniLM + MMR Baseline,short,13,6.846153846153846,0.08499566154429111,0.16011451000809165,0.018146004322474877,0.10146926370883264
MiniLM + MMR Baseline,long,2,45.5,0.3782251500233542,0.1628768523249872,0.0529372937293729,0.10743484925906994
Proposed contextual Ranking Hybrid,medium,15,15.666666666666666,0.15593197999987748,0.20809845676499442,0.04316866208668353,0.13256774229266818
Proposed contextual Ranking Hybrid,short,13,6.846153846153846,0.07498497694569563,0.15657429164137163,0.013478566497142323,0.0916399908557062
Proposed contextual Ranking Hybrid,long,2,45.5,0.37491570002748625,0.2077505827505827,0.0706488781079442,0.13801476301476295
